,AMPL,GA
AAPL,0.5847298780497768,0.0942416642592632
MSFT,0.4152701219502231,0.0799761747802607
JPM,0.0,0.1228860066097695
NVDA,0.0,0.0723869488544644
AMZN,0.0,0.1237329222436878
GOOGL,0.0,0.1175056307924879
PG,0.0,0.0784421294666935
UNH,0.0,0.1203577210807406
JNJ,0.0,0.1000899853747655
XOM,0.0,0.0903808165378664
