,AMPL,GA
AAPL,0.5847298780497768,0.0553847956785295
MSFT,0.4152701219502231,0.0857820492110604
AMZN,0.0,0.1371263770971017
GOOGL,0.0,0.1129357891632843
JNJ,0.0,0.0845611885316095
JPM,0.0,0.0787624182943339
XOM,0.0,0.1159550012606791
NVDA,0.0,0.143426888688335
PG,0.0,0.1082732435091136
UNH,0.0,0.0777922485659527
